Index,Customer Id,First Name,Last Name,Age,Company,City,Country,Phone 1,Phone 2,Email,Subscription Date,Website
1,394c93d0e4CF9e1,Dalton,Holden,23,Todd-Coffey,East Madisonville,Tonga,092.408.2900,NULL,nicole34@walls-dawson.biz,2021-11-07,https://www.fisher.net/
2,dFBE5c00A7eC41e,Emily,Tapia,58,"Lane, Davila and Meadows",East Franklinville,Canada,001-303-551-7352,NULL,youngrickey@cantrell-branch.info,2021-03-21,https://lester.com/
3,d2E1B9c7DCE32f5,Leroy,Vargas,74,Schneider-Mata,South James,Congo,+1-607-081-3299,NULL,nolson@berry.com,2020-03-18,https://mcgee.org/
4,aAd158A8A05b40f,Emily,Tapia,5,"Lane, Davila and Meadows",East Franklinville,Canada,001-303-551-7352,NULL,youngrickey@cantrell-branch.info,2021-03-21,https://lester.com/
5,C8b0E487De8Fba8,Aimee,Mclean,5,Chaney Inc,Pamfort,Netherlands Antilles,426.739.5230,NULL,kkline@stewart.org,2020-01-06,http://www.hopkins-day.com/
6,84d2F68D4fabfD0,Devin,Marks,56,"Kirby, Carter and Bridges",South Marc,Italy,+1-802-264-4354x873,NULL,mckinneyjoyce@farrell.com,2021-04-07,http://greer-carey.com/
7,f4bc04BCFfb06bD,NULL,Campbell,19,Soto and Sons,North Joseph,Canada,8870044677,NULL,kenneth51@mendoza-stanton.com,2020-06-21,http://valenzuela.com/
8,219BBA79ca52Bc9,April,Cooper,21,Michael Group,Simmonschester,Macao,(454)726-5722x731,NULL,louistyler@giles.com,2021-02-17,https://www.klein.com/
9,a5Cc0a032d09350,,Nguyen,59,Perkins Group,North Gavinport,Guinea,566.944.0131x8367,NULL,jeromecarson@york.com,2022-09-14,http://james.org/
10,b1D43E4Eb879ef2,,Freeman,67,"Hart, Blackburn and Fields",Port Stanley,,006.383.9227x723,NULL,sean80@park.com,2021-10-04,https://phillips.com/
11,4C4b866DCCC3E5B,,James,35,Rowland-Mccoy,Roseland,,(300)443-1526x99383,NULL,denise32@estes.com,2020-09-09,https://moran.com/
12,9a44DedCc55ee45,Luke,Woodward,68,Adkins-Cantu,South Krystalbury,,421-752-9378,NULL,mariofrye@grimes-clements.com,2022-01-17,https://www.beard.com/
13,EbD42CB2a1EFBD5,Raymond,Krause,36,Alexander and Sons,Michealbury,,+1-432-263-6419x884,NULL,valenzueladiana@kelly-forbes.com,2022-02-26,https://www.beard.com/
14,8bB04d63AAddfAf,Philip,Summers,99,NULL,Josemouth,United Kingdom,955-455-6282x4365,NULL,peterskelsey@mccormick-schneider.com,2021-10-28,https://www.west-rice.net/
15,7EdeB76ac1Dfeea,Tristan,Stanton,99,Vaughn-Watkins,North Ronald,Swaziland,520.582.8596,NULL,claudiaclark@bradley.com,2020-09-28,https://burgess.net/
16,07a10feEE39feFB,Rebekah,Reilly,99,NULL,East Triciaberg,Saint Vincent and the Grenadines,394-327-8104x349,NULL,marilyn93@johnston.com,2022-08-11,https://www.hoffman.biz/
17,594304740f4Da34,Ronald,Mckee,157,"Dennis, Carroll and Cervantes",East Rickyville,Burundi,001-101-220-5901x616,NULL,,2021-02-16,http://www.krueger-navarro.com/
18,6bBa8E05BBEAc2b,Rodney,Mahoney,81,,North Kaitlynshire,Belgium,767463664,NULL,,2021-03-10,
19,852A41B624fd97f,Olivia,Collier,65,,North Sierraborough,Cyprus,+1-094-870-9099x888,NULL,,2020-04-20,
20,FD8ABEd8Ca3c340,Willie,Decker,32,,New Aaron,Benin,058-530-9837x290,NULL,,2022-10-27,
21,C4Dc0cf4100caC9,Darrell,Cook,45,,Maddoxchester,Panama,(235)916-3589x900,NULL,,2022-09-27,
22,9d80EdcA4EFF2c8,Kirk,Noble,58,,Jeromeburgh,Western Sahara,(580)683-1479,NULL,,2020-01-28,
23,cfd16dc0DA366b4,Jesus,Morton,24,,Kaitlinhaven,Zambia,,NULL,angiegriffith@conway.net,2020-09-27,http://www.molina.com/
24,bb98dc502Ddaa32,Amber,Cline,35,"Osborne, Mcpherson and Reeves",Benjaminborough,Argentina,+1-140-003-9790x1451,NULL,marcusherrera@johns.com,2021-01-17,https://mcdaniel-perez.net/
25,5c89E1F2Cc1C372,Jill,Mcclure,69,"Bryan, Lowery and Hutchinson",Lake Johnathantown,Christmas Island,072-276-5677,NULL,hansonstefanie@gilmore.info,2021-01-29,https://www.wyatt.biz/
26,9C7AD7A05D8Dc0e,Tommy,Lane,47,Huffman-Aguilar,Lake Dylanport,Namibia,NULL,NULL,scottbrad@leach.org,2021-06-25,https://www.owen.com/
27,4AeA25Bf34F2edd,Alan,Giles,14,"Drake, Atkins and Galvan",Rickside,Uganda,(794)347-2864x5600,NULL,pacedenise@cain.org,2021-07-17,http://www.hester.org/
28,fC42CBDe4930524,NULL,Campbell,22,Soto and Sons,North Joseph,Canada,8870044677,NULL,kenneth51@mendoza-stanton.com,2020-06-21,http://valenzuela.com/
29,2844231cED23F5E,Marc,Lowe,18,NULL,New Ginaberg,Jordan,633.232.0992,NULL,howardcarson@oconnell.net,2022-02-11,http://www.sparks-conway.info/
30,1dB75E2d7EdEd7C,NULL,English,18,NULL,North Kristi,Trinidad and Tobago,001-648-726-0258x2208,NULL,luis54@thompson.com,2021-11-24,http://moyer.com/
31,4E7decFceA0D0Fe,Philip,Summers,18,NULL,Josemouth,United Kingdom,955-455-6282x4365,NULL,peterskelsey@mccormick-schneider.com,2021-10-28,https://www.west-rice.net/
32,fda58347e43fdB1,Trevor,Howard,18,NULL,East Wyatt,Philippines,(858)738-4169x62123,NULL,schmidtharry@mack-solomon.net,2022-09-30,http://www.melendez-duke.com/
33,5abdDF4E97DF30B,Jeremy,Sawyer,35,NULL,South Janice,Mali,(859)634-7003,NULL,kwolf@maddox-ford.biz,2022-08-31,NULL
34,ac7E38E4c17EFBf,Alan,Peck,35,NULL,South Bryceshire,Saint Lucia,201.705.5081,NULL,frankalec@taylor.com,2022-06-06,https://www.garza-randolph.com/
35,388AD7acdE50Ad4,Penny,Cook,23,NULL,Port Mackenzieberg,Guadeloupe,085.759.5995x900,NULL,stacie40@burnett-houston.com,2022-07-02,https://www.weaver.com/
36,fcE715f34e6C2c8,Hunter,Oconnell,58,NULL,New Karina,Guatemala,(586)948-8951x6995,NULL,brandongood@jordan-mathews.org,2020-08-08,https://becker.com/
37,3A9A48c98ccDF1f,Jean,Fritz,74,Hays-Duffy,Brentberg,Afghanistan,8686599921,NULL,jacobbradford@house.biz,2021-11-24,http://www.arnold.com/
38,De16fC1f855F0b5,John,Flynn,21,Larsen-Kidd,Lake Ian,Malawi,(497)503-9163x300,NULL,jay22@mata.biz,2020-05-25,https://green-serrano.info/
39,1D53EBFFbAFbfc5,Fernando,Ball,21,Landry Ltd,Lake Dana,Niue,446-398-9222x7412,NULL,fjordan@hull.com,2021-12-29,https://lyons.com/
40,498740eF6eE0ae2,Samantha,Hall,56,Dominguez Inc,NULL,Philippines,(985)538-4292x79075,NULL,marissagarrett@mcintosh-mcclure.biz,2022-02-09,http://mayo-medina.com/
41,c1B3f43dFE132Fc,Ruth,Craig,19,"Woods, Campos and Bright",Prestonport,Seychelles,127-646-2699x378,NULL,rochatonya@giles.com,2021-12-23,NULL
42,fEbdFC8760d7e8f,NULL,Webster,21,Rich-Mercer,West Makaylaview,Papua New Guinea,266-149-8969,NULL,hvillegas@durham.com,2021-10-09,https://price.com/
43,a9B65cDfaCe8304,Stephanie,Huang,59,"Buchanan, Weeks and Moran",South Rebekah,Mayotte,001-986-494-7636,NULL,pnewman@madden.com,2022-01-13,http://www.phelps-cervantes.org/
44,Dc7a45Bea2398d7,Robin,Brooks,67,"Erickson, Hendrix and Fleming",Port Karenfort,Czech Republic,547-868-2825,NULL,sarahmosley@burnett-valentine.com,2021-05-19,https://potter.com/
45,28A9f9d95aC1dC3,Randy,Hanna,35,Long-Ewing,Lake Mistystad,NULL,(796)823-9809,NULL,hailey45@solis.biz,2022-05-01,http://www.bowers.net/
46,b70f2F543db3EaA,Sandy,Cantu,68,Bridges-Hurst,East Shannontown,NULL,001-147-227-9944,NULL,roselogan@horton-coffey.com,2020-12-01,http://www.sherman.com/
47,73CfC561b3fdB49,Paige,Stout,36,Pruitt LLC,Moranland,NULL,791-922-6311,NULL,xbishop@oconnell.com,2021-10-11,https://arias.com/
48,3FfFbC4Bc6cf6cb,Don,Baker,111,Steele Ltd,South Vincentburgh,NULL,2947786315,NULL,hermanjacqueline@bryant-galloway.info,2022-10-02,https://decker-delacruz.biz/
49,C97B00Dd1fB7fEC,Judy,Valencia,111,"Donaldson, Russell and Petty",East Mariah,NULL,630-466-0315x077,NULL,nathanieljohnson@sanchez.com,2021-10-30,NULL
50,DdB6a5162dDFEa9,Karina,Yang,99,Hoffman Ltd,Doughertyburgh,Marshall Islands,6975890102,NULL,robrien@howard.biz,2022-06-16,NULL
51,a2FCC2d0ccA38f5,Bonnie,Sloan,157,Mccullough-Sutton,Brendanberg,Lebanon,039-112-4980x4096,NULL,vcook@fowler.com,2020-02-16,NULL
52,857cD8eb5cB08dD,Terrance,Novak,81,"Whitehead, Jennings and Wood",Hendersonfurt,Slovakia (Slovak Republic),821-885-4190x8586,NULL,paulbob@hahn.com,2022-10-16,NULL
53,F95cf79aa586d58,Jillian,Haas,65,Chambers Ltd,West Bernard,Togo,001-375-222-4172x0808,NULL,moralesjennifer@cisneros-glass.com,2020-11-28,https://myers-maddox.net/
54,a76BC002c79fD39,Cindy,Velasquez,32,Downs Group,North Sarahberg,Slovenia,+1-386-272-5288,NULL,nsimmons@mendoza.com,2020-03-26,http://colon.com/
55,5D93bC09F971BbB,Alejandro,Davila,45,Becker-Barber,West Annside,Iran,067.322.7917,NULL,teresaflowers@french.biz,2020-10-04,http://www.lynch.com/
56,f4Ea9dB265cCe6B,Isabel,Li,58,Mcneil LLC,Fowlermouth,Congo,(702)886-8926,NULL,sethbrowning@howard-blake.com,2022-08-15,http://www.yates-hahn.info/
57,cbc8fC8BbcEf6D3,Bobby,Hinton,24,Stanton-Rich,Gallegoschester,Djibouti,798.285.9491,NULL,claudia85@moody.com,NULL,https://walsh-mueller.org/
58,c5DaDddEAabdfde,Diane,Larson,35,Meadows Group,North Laura,Japan,3095803637,NULL,tranmaxwell@frederick.info,NULL,https://www.baxter.com/
59,8889A92BB7E9f65,Mandy,NULL,69,Lowe Inc,West Rita,Guinea-Bissau,001-408-990-7272x6179,NULL,lynnyvonne@collier.com,NULL,https://www.barron.com/
60,bF4baDAeC6E4dca,Erika,Mcguire,47,Wilcox-Richmond,Deannaberg,Congo,2966362574,NULL,kyle79@callahan.net,NULL,https://www.riley.org/
61,d0fb5CEdDEda8B8,Whitney,Russo,14,"Carlson, Barnett and Kim",Lake Ginaton,Bosnia and Herzegovina,115-749-9512,NULL,whitneyhobbs@fuentes-lutz.com,NULL,http://edwards.com/
62,f03954C053C93be,Yvonne,Wilkinson,22,Sampson-Gomez,Baldwinburgh,Azerbaijan,254.726.4847,NULL,noahcombs@mullen-flynn.com,NULL,http://guzman-simon.com/
63,86FAcbeAead2b56,Pam,Caldwell,18,"Strickland, Knapp and Carr",Boonebury,Swaziland,700-159-2034x5228,NULL,joanne41@reid.biz,2021-06-08,https://barnett-nixon.com/
64,D267f95056BbBAA,Emily,Tapia,167,"Lane, Davila and Meadows",East Franklinville,Canada,001-303-551-7352,NULL,youngrickey@cantrell-branch.info,2021-03-21,https://lester.com/
65,eFE887D41D79c1F,Jon,Ewing,167,Abbott Ltd,NULL,Malta,+1-011-850-5158x97916,NULL,cesar43@meyer.com,2020-11-17,https://holland.net/
66,b87Ce5A8B7B3D1d,Joel,Montgomery,167,Erickson Inc,NULL,Gambia,818.693.1027,NULL,johnsonkrystal@walls.com,2021-03-23,https://www.todd-proctor.com/
67,50DB1c2eee07D6f,Nichole,Lane,167,Holland-Duke,NULL,Cuba,NULL,NULL,nmarshall@vincent.com,2021-06-19,https://harrison-crane.com/
68,8CD56fDD2E867aa,Grant,Goodman,167,Ewing-Ferrell,NULL,Cambodia,+1-753-761-2135,NULL,jeanne46@hebert.org,2021-04-01,http://williams.biz/
69,b8fBdBa8Ca0d7D4,Robert,Stone,23,"Pham, Obrien and Holloway",Parrishfort,Bahrain,+1-838-075-2562x74375,NULL,laceymarshall@raymond.info,2021-07-29,https://www.nixon.com/
70,3BE3941a21E1Da1,NULL,Dillon,58,"Chen, Watts and Carter",New Alisonmouth,Libyan Arab Jamahiriya,+1-883-869-0166,NULL,blankenshipsummer@holt.org,2021-07-02,http://www.lane-buchanan.com/
71,663FD67EF8F0FB9,Herbert,Mejia,74,Blair-Clayton,Daisyville,Ghana,(086)171-8771,NULL,alowery@barajas.com,2021-03-21,https://mccormick-mcmahon.net/
72,5FB6d06d8E1fABa,Jade,Bailey,8,Levy Ltd,Jerrytown,Sao Tome and Principe,576.745.6264,NULL,shelly38@curry-kaiser.net,2021-05-08,https://www.pratt.biz/
73,82ba30dfEdC4Ba7,Ronnie,Sanchez,8,Mueller-Howe,East Leah,Sierra Leone,+1-224-411-1869x00211,NULL,nicole65@bautista.com,2022-01-11,https://www.cisneros.net/
74,c4a8D56D9bF850D,Mike,Hughes,56,"Mercer, Navarro and Fleming",South Rebeccabury,Wallis and Futuna,+1-875-096-3231x490,NULL,phillipmanning@franklin.org,2022-02-19,http://www.strickland.com/
75,Eb5dac72fD7C8b4,Herbert,Mejia,19,Blair-Clayton,Daisyville,Ghana,(086)171-8771,NULL,alowery@barajas.com,2021-03-21,https://mccormick-mcmahon.net/
76,BFddB9BB0257cA7,Lydia,Jordan,21,"Abbott, Davis and Boyd",South Sara,Romania,(858)620-1276,NULL,kristicosta@nichols-marshall.info,2022-10-30,http://price-maxwell.info/
77,49dDa5634fCea60,Jon,Ewing,59,Abbott Ltd,NULL,Malta,+1-011-850-5158x97916,NULL,cesar43@meyer.com,2020-11-17,https://holland.net/
78,A0ff085B3c9CaF6,Ethan,Branch,67,Leach Ltd,New Kurtberg,Oman,708.338.9018x050,NULL,sara83@newman.org,2021-04-22,https://www.harmon-daugherty.com/
79,A3DB6D9CF0Ec07D,Tristan,Stanton,35,Vaughn-Watkins,North Ronald,Swaziland,520.582.8596,NULL,claudiaclark@bradley.com,2020-09-28,https://burgess.net/
80,CFDf33F8C193f0F,Bailey,Richard,68,"Kent, Barry and Pollard",Greermouth,Nepal,439.423.1232x629,NULL,yangalexandria@brennan.org,2021-02-20,http://phelps.net/
81,B8c92cFa5B491e8,Sue,Huerta,36,Dean-Chase,North Marisa,Eritrea,1813711861,NULL,NULL,2021-12-26,https://www.cochran.com/
82,3d309E591ebD8c1,Kirk,Hendricks,239,"Randall, Henderson and Hobbs",West Janehaven,Sao Tome and Principe,001-266-181-6645,NULL,austin85@francis.biz,2022-04-06,https://salas.biz/
83,0cB10efdd9acaF6,Julie,Elliott,35,"Baird, Flynn and Gamble",South Denisemouth,Samoa,887.074.4410x404,NULL,cameronayers@barker.com,2022-10-09,https://www.garrison.info/
84,4EDf2B3fDec8f9C,Dylan,Valentine,99,"Clayton, Silva and Jimenez",North Collin,Dominican Republic,(858)344-8278x031,NULL,murillojodi@rojas.biz,2021-03-15,http://www.berry.com/
85,7bB0c0cD7094aFB,Daisy,Mills,157,Cooley-Macdonald,East Susanside,Australia,+1-796-938-0972,NULL,tannerbest@garza-hays.biz,2020-03-04,http://www.blake.net/
86,c69cE23AcA7527a,Darren,Adams,81,Duncan PLC,North Gilbert,Solomon Islands,430.833.4027x242,NULL,ginamoreno@wilkins-stafford.com,2021-01-17,https://www.hamilton.org/
87,C13C1d7fcd4093B,Jerry,Medina,65,"Baxter, Bryan and Thomas",Shawnfort,Bangladesh,101-416-0131,NULL,terrellmolly@giles.biz,2021-04-25,https://le.com/
88,f95Dc87DCb6b93c,Selena,Finley,32,Brandt LLC,Chandlerbury,Antigua and Barbuda,7102418620,NULL,dowen@booker-gray.com,2020-08-22,https://parks.info/
89,BafdBBb0a730aAf,Steven,Valenzuela,45,Page-Fields,Sheltonburgh,Spain,406260625,NULL,richardsruth@hendricks.com,2021-12-28,https://walsh.com/
90,05dAcBa9FFE18f9,Earl,Bird,58,Lam-Mathis,West Taylor,Bolivia,652-202-1049x742,NULL,sandy57@foster.com,2021-09-03,http://conley-beck.org/
91,0cB7CaF6ac5Ee1D,Daisy,Mills,24,Cooley-Macdonald,East Susanside,Australia,+1-796-938-0972,NULL,tannerbest@garza-hays.biz,2020-03-04,http://www.blake.net/
92,1CD9AFA44e6Ec50,Bobby,Estrada,35,Montoya-Mcdowell,Rachelberg,Korea,5388633541,NULL,barry93@gomez-warner.com,2021-08-17,http://mccullough.info/
93,E9D7ddD3aeB7d46,Belinda,Park,69,"Lyons, Cannon and Frey",Krystalton,Qatar,001-141-786-4426,NULL,cohenbob@huang-blevins.com,2022-01-10,https://irwin.com/
94,4cf3D80fBeCBdaf,Frank,,47,,Stephanieshire,Israel,001-019-227-4304x2289,NULL,martinezkendra@case.biz,2022-02-23,http://www.sosa.com/
95,BC64F42bBCc5Aad,Mandy,,14,,Port Kristy,Singapore,047.676.7496x9989,NULL,nathan37@summers.info,2021-10-12,https://dillon-gaines.com/
96,2d4a3a8ed61c7C8,Jimmy,,22,,Carpenterhaven,Romania,+1-660-691-1509x396,NULL,ohuynh@vaughan.info,2022-03-06,http://www.santiago.biz/
97,dC8aDfAEeA3494c,Paul,Parsons,18,Murray Ltd,Wangfurt,Vanuatu,569-382-4535x71851,NULL,khorne@sanders.info,NULL,http://brady.com/
98,C380B1641A2d756,Randall,Gallagher,1,Daugherty-Walter,South Stephanieborough,Zimbabwe,(792)570-9420,NULL,rneal@ritter-cooper.com,2022-08-09,http://herrera.com/
99,11C35A7F4C0d18c,Paul,Parsons,1,Murray Ltd,Wangfurt,Vanuatu,569-382-4535x71851,NULL,khorne@sanders.info,NULL,http://brady.com/
100,D6f6f0C3b67eF3F,Caitlin,Keith,1,NULL,Brentbury,Cayman Islands,469.023.3489x10978,NULL,uclay@houston-norris.org,2020-10-06,http://case.com/
